800,400,2.5,0
start,0,0
target,1610,825,25
waypoint,1592.5,190,25
waypoint,1257.5,500,25
obstacle,0,0,2.5
obstacle,0,997.5,2.5
obstacle,2.5,0,2.5
obstacle,2.5,997.5,2.5
obstacle,5,0,2.5
obstacle,5,997.5,2.5
obstacle,7.5,0,2.5
obstacle,7.5,997.5,2.5
obstacle,10,0,2.5
obstacle,10,997.5,2.5
obstacle,12.5,0,2.5
obstacle,12.5,997.5,2.5
obstacle,15,0,2.5
obstacle,15,997.5,2.5
obstacle,17.5,0,2.5
obstacle,17.5,997.5,2.5
obstacle,20,0,2.5
obstacle,20,997.5,2.5
obstacle,22.5,0,2.5
obstacle,22.5,997.5,2.5
obstacle,25,0,2.5
obstacle,25,997.5,2.5
obstacle,27.5,0,2.5
obstacle,27.5,997.5,2.5
obstacle,30,0,2.5
obstacle,30,997.5,2.5
obstacle,32.5,0,2.5
obstacle,32.5,997.5,2.5
obstacle,35,0,2.5
obstacle,35,997.5,2.5
obstacle,37.5,0,2.5
obstacle,37.5,997.5,2.5
obstacle,40,0,2.5
obstacle,40,997.5,2.5
obstacle,42.5,0,2.5
obstacle,42.5,997.5,2.5
obstacle,45,0,2.5
obstacle,45,997.5,2.5
obstacle,47.5,0,2.5
obstacle,47.5,997.5,2.5
obstacle,50,0,2.5
obstacle,50,997.5,2.5
obstacle,52.5,0,2.5
obstacle,52.5,997.5,2.5
obstacle,55,0,2.5
obstacle,55,997.5,2.5
obstacle,57.5,0,2.5
obstacle,57.5,997.5,2.5
obstacle,60,0,2.5
obstacle,60,997.5,2.5
obstacle,62.5,0,2.5
obstacle,62.5,997.5,2.5
obstacle,65,0,2.5
obstacle,65,997.5,2.5
obstacle,67.5,0,2.5
obstacle,67.5,997.5,2.5
obstacle,70,0,2.5
obstacle,70,997.5,2.5
obstacle,72.5,0,2.5
obstacle,72.5,997.5,2.5
obstacle,75,0,2.5
obstacle,75,997.5,2.5
obstacle,77.5,0,2.5
obstacle,77.5,997.5,2.5
obstacle,80,0,2.5
obstacle,80,997.5,2.5
obstacle,82.5,0,2.5
obstacle,82.5,997.5,2.5
obstacle,85,0,2.5
obstacle,85,997.5,2.5
obstacle,87.5,0,2.5
obstacle,87.5,997.5,2.5
obstacle,90,0,2.5
obstacle,90,997.5,2.5
obstacle,92.5,0,2.5
obstacle,92.5,997.5,2.5
obstacle,95,0,2.5
obstacle,95,997.5,2.5
obstacle,97.5,0,2.5
obstacle,97.5,997.5,2.5
obstacle,100,0,2.5
obstacle,100,997.5,2.5
obstacle,102.5,0,2.5
obstacle,102.5,997.5,2.5
obstacle,105,0,2.5
obstacle,105,997.5,2.5
obstacle,107.5,0,2.5
obstacle,107.5,997.5,2.5
obstacle,110,0,2.5
obstacle,110,997.5,2.5
obstacle,112.5,0,2.5
obstacle,112.5,997.5,2.5
obstacle,115,0,2.5
obstacle,115,997.5,2.5
obstacle,117.5,0,2.5
obstacle,117.5,997.5,2.5
obstacle,120,0,2.5
obstacle,120,997.5,2.5
obstacle,122.5,0,2.5
obstacle,122.5,997.5,2.5
obstacle,125,0,2.5
obstacle,125,997.5,2.5
obstacle,127.5,0,2.5
obstacle,127.5,997.5,2.5
obstacle,130,0,2.5
obstacle,130,997.5,2.5
obstacle,132.5,0,2.5
obstacle,132.5,997.5,2.5
obstacle,135,0,2.5
obstacle,135,997.5,2.5
obstacle,137.5,0,2.5
obstacle,137.5,997.5,2.5
obstacle,140,0,2.5
obstacle,140,997.5,2.5
obstacle,142.5,0,2.5
obstacle,142.5,997.5,2.5
obstacle,145,0,2.5
obstacle,145,997.5,2.5
obstacle,147.5,0,2.5
obstacle,147.5,997.5,2.5
obstacle,150,0,2.5
obstacle,150,997.5,2.5
obstacle,152.5,0,2.5
obstacle,152.5,997.5,2.5
obstacle,155,0,2.5
obstacle,155,997.5,2.5
obstacle,157.5,0,2.5
obstacle,157.5,997.5,2.5
obstacle,160,0,2.5
obstacle,160,997.5,2.5
obstacle,162.5,0,2.5
obstacle,162.5,997.5,2.5
obstacle,165,0,2.5
obstacle,165,997.5,2.5
obstacle,167.5,0,2.5
obstacle,167.5,997.5,2.5
obstacle,170,0,2.5
obstacle,170,997.5,2.5
obstacle,172.5,0,2.5
obstacle,172.5,997.5,2.5
obstacle,175,0,2.5
obstacle,175,997.5,2.5
obstacle,177.5,0,2.5
obstacle,177.5,997.5,2.5
obstacle,180,0,2.5
obstacle,180,997.5,2.5
obstacle,182.5,0,2.5
obstacle,182.5,997.5,2.5
obstacle,185,0,2.5
obstacle,185,997.5,2.5
obstacle,187.5,0,2.5
obstacle,187.5,997.5,2.5
obstacle,190,0,2.5
obstacle,190,997.5,2.5
obstacle,192.5,0,2.5
obstacle,192.5,997.5,2.5
obstacle,195,0,2.5
obstacle,195,997.5,2.5
obstacle,197.5,0,2.5
obstacle,197.5,997.5,2.5
obstacle,200,0,2.5
obstacle,200,997.5,2.5
obstacle,202.5,0,2.5
obstacle,202.5,997.5,2.5
obstacle,205,0,2.5
obstacle,205,997.5,2.5
obstacle,207.5,0,2.5
obstacle,207.5,997.5,2.5
obstacle,210,0,2.5
obstacle,210,997.5,2.5
obstacle,212.5,0,2.5
obstacle,212.5,997.5,2.5
obstacle,215,0,2.5
obstacle,215,997.5,2.5
obstacle,217.5,0,2.5
obstacle,217.5,997.5,2.5
obstacle,220,0,2.5
obstacle,220,997.5,2.5
obstacle,222.5,0,2.5
obstacle,222.5,997.5,2.5
obstacle,225,0,2.5
obstacle,225,997.5,2.5
obstacle,227.5,0,2.5
obstacle,227.5,997.5,2.5
obstacle,230,0,2.5
obstacle,230,997.5,2.5
obstacle,232.5,0,2.5
obstacle,232.5,997.5,2.5
obstacle,235,0,2.5
obstacle,235,997.5,2.5
obstacle,237.5,0,2.5
obstacle,237.5,997.5,2.5
obstacle,240,0,2.5
obstacle,240,997.5,2.5
obstacle,242.5,0,2.5
obstacle,242.5,997.5,2.5
obstacle,245,0,2.5
obstacle,245,997.5,2.5
obstacle,247.5,0,2.5
obstacle,247.5,997.5,2.5
obstacle,250,0,2.5
obstacle,250,997.5,2.5
obstacle,252.5,0,2.5
obstacle,252.5,997.5,2.5
obstacle,255,0,2.5
obstacle,255,997.5,2.5
obstacle,257.5,0,2.5
obstacle,257.5,997.5,2.5
obstacle,260,0,2.5
obstacle,260,997.5,2.5
obstacle,262.5,0,2.5
obstacle,262.5,997.5,2.5
obstacle,265,0,2.5
obstacle,265,997.5,2.5
obstacle,267.5,0,2.5
obstacle,267.5,997.5,2.5
obstacle,270,0,2.5
obstacle,270,997.5,2.5
obstacle,272.5,0,2.5
obstacle,272.5,997.5,2.5
obstacle,275,0,2.5
obstacle,275,997.5,2.5
obstacle,277.5,0,2.5
obstacle,277.5,997.5,2.5
obstacle,280,0,2.5
obstacle,280,997.5,2.5
obstacle,282.5,0,2.5
obstacle,282.5,997.5,2.5
obstacle,285,0,2.5
obstacle,285,997.5,2.5
obstacle,287.5,0,2.5
obstacle,287.5,997.5,2.5
obstacle,290,0,2.5
obstacle,290,997.5,2.5
obstacle,292.5,0,2.5
obstacle,292.5,997.5,2.5
obstacle,295,0,2.5
obstacle,295,997.5,2.5
obstacle,297.5,0,2.5
obstacle,297.5,997.5,2.5
obstacle,300,0,2.5
obstacle,300,997.5,2.5
obstacle,302.5,0,2.5
obstacle,302.5,997.5,2.5
obstacle,305,0,2.5
obstacle,305,997.5,2.5
obstacle,307.5,0,2.5
obstacle,307.5,997.5,2.5
obstacle,310,0,2.5
obstacle,310,997.5,2.5
obstacle,312.5,0,2.5
obstacle,312.5,997.5,2.5
obstacle,315,0,2.5
obstacle,315,997.5,2.5
obstacle,317.5,0,2.5
obstacle,317.5,997.5,2.5
obstacle,320,0,2.5
obstacle,320,997.5,2.5
obstacle,322.5,0,2.5
obstacle,322.5,997.5,2.5
obstacle,325,0,2.5
obstacle,325,997.5,2.5
obstacle,327.5,0,2.5
obstacle,327.5,997.5,2.5
obstacle,330,0,2.5
obstacle,330,997.5,2.5
obstacle,332.5,0,2.5
obstacle,332.5,997.5,2.5
obstacle,335,0,2.5
obstacle,335,997.5,2.5
obstacle,337.5,0,2.5
obstacle,337.5,997.5,2.5
obstacle,340,0,2.5
obstacle,340,997.5,2.5
obstacle,342.5,0,2.5
obstacle,342.5,997.5,2.5
obstacle,345,0,2.5
obstacle,345,997.5,2.5
obstacle,347.5,0,2.5
obstacle,347.5,997.5,2.5
obstacle,350,0,2.5
obstacle,350,997.5,2.5
obstacle,352.5,0,2.5
obstacle,352.5,997.5,2.5
obstacle,355,0,2.5
obstacle,355,997.5,2.5
obstacle,357.5,0,2.5
obstacle,357.5,997.5,2.5
obstacle,360,0,2.5
obstacle,360,997.5,2.5
obstacle,362.5,0,2.5
obstacle,362.5,997.5,2.5
obstacle,365,0,2.5
obstacle,365,997.5,2.5
obstacle,367.5,0,2.5
obstacle,367.5,997.5,2.5
obstacle,370,0,2.5
obstacle,370,997.5,2.5
obstacle,372.5,0,2.5
obstacle,372.5,997.5,2.5
obstacle,375,0,2.5
obstacle,375,997.5,2.5
obstacle,377.5,0,2.5
obstacle,377.5,997.5,2.5
obstacle,380,0,2.5
obstacle,380,997.5,2.5
obstacle,382.5,0,2.5
obstacle,382.5,997.5,2.5
obstacle,385,0,2.5
obstacle,385,997.5,2.5
obstacle,387.5,0,2.5
obstacle,387.5,997.5,2.5
obstacle,390,0,2.5
obstacle,390,997.5,2.5
obstacle,392.5,0,2.5
obstacle,392.5,997.5,2.5
obstacle,395,0,2.5
obstacle,395,997.5,2.5
obstacle,397.5,0,2.5
obstacle,397.5,997.5,2.5
obstacle,400,0,2.5
obstacle,400,997.5,2.5
obstacle,402.5,0,2.5
obstacle,402.5,997.5,2.5
obstacle,405,0,2.5
obstacle,405,997.5,2.5
obstacle,407.5,0,2.5
obstacle,407.5,997.5,2.5
obstacle,410,0,2.5
obstacle,410,997.5,2.5
obstacle,412.5,0,2.5
obstacle,412.5,997.5,2.5
obstacle,415,0,2.5
obstacle,415,997.5,2.5
obstacle,417.5,0,2.5
obstacle,417.5,997.5,2.5
obstacle,420,0,2.5
obstacle,420,997.5,2.5
obstacle,422.5,0,2.5
obstacle,422.5,997.5,2.5
obstacle,425,0,2.5
obstacle,425,997.5,2.5
obstacle,427.5,0,2.5
obstacle,427.5,997.5,2.5
obstacle,430,0,2.5
obstacle,430,997.5,2.5
obstacle,432.5,0,2.5
obstacle,432.5,997.5,2.5
obstacle,435,0,2.5
obstacle,435,997.5,2.5
obstacle,437.5,0,2.5
obstacle,437.5,997.5,2.5
obstacle,440,0,2.5
obstacle,440,997.5,2.5
obstacle,442.5,0,2.5
obstacle,442.5,997.5,2.5
obstacle,445,0,2.5
obstacle,445,997.5,2.5
obstacle,447.5,0,2.5
obstacle,447.5,997.5,2.5
obstacle,450,0,2.5
obstacle,450,997.5,2.5
obstacle,452.5,0,2.5
obstacle,452.5,997.5,2.5
obstacle,455,0,2.5
obstacle,455,997.5,2.5
obstacle,457.5,0,2.5
obstacle,457.5,997.5,2.5
obstacle,460,0,2.5
obstacle,460,997.5,2.5
obstacle,462.5,0,2.5
obstacle,462.5,997.5,2.5
obstacle,465,0,2.5
obstacle,465,997.5,2.5
obstacle,467.5,0,2.5
obstacle,467.5,997.5,2.5
obstacle,470,0,2.5
obstacle,470,997.5,2.5
obstacle,472.5,0,2.5
obstacle,472.5,997.5,2.5
obstacle,475,0,2.5
obstacle,475,997.5,2.5
obstacle,477.5,0,2.5
obstacle,477.5,997.5,2.5
obstacle,480,0,2.5
obstacle,480,997.5,2.5
obstacle,482.5,0,2.5
obstacle,482.5,997.5,2.5
obstacle,485,0,2.5
obstacle,485,997.5,2.5
obstacle,487.5,0,2.5
obstacle,487.5,997.5,2.5
obstacle,490,0,2.5
obstacle,490,997.5,2.5
obstacle,492.5,0,2.5
obstacle,492.5,997.5,2.5
obstacle,495,0,2.5
obstacle,495,997.5,2.5
obstacle,497.5,0,2.5
obstacle,497.5,997.5,2.5
obstacle,500,0,2.5
obstacle,500,997.5,2.5
obstacle,502.5,0,2.5
obstacle,502.5,997.5,2.5
obstacle,505,0,2.5
obstacle,505,997.5,2.5
obstacle,507.5,0,2.5
obstacle,507.5,997.5,2.5
obstacle,510,0,2.5
obstacle,510,997.5,2.5
obstacle,512.5,0,2.5
obstacle,512.5,997.5,2.5
obstacle,515,0,2.5
obstacle,515,997.5,2.5
obstacle,517.5,0,2.5
obstacle,517.5,997.5,2.5
obstacle,520,0,2.5
obstacle,520,997.5,2.5
obstacle,522.5,0,2.5
obstacle,522.5,997.5,2.5
obstacle,525,0,2.5
obstacle,525,997.5,2.5
obstacle,527.5,0,2.5
obstacle,527.5,997.5,2.5
obstacle,530,0,2.5
obstacle,530,997.5,2.5
obstacle,532.5,0,2.5
obstacle,532.5,997.5,2.5
obstacle,535,0,2.5
obstacle,535,997.5,2.5
obstacle,537.5,0,2.5
obstacle,537.5,997.5,2.5
obstacle,540,0,2.5
obstacle,540,997.5,2.5
obstacle,542.5,0,2.5
obstacle,542.5,997.5,2.5
obstacle,545,0,2.5
obstacle,545,997.5,2.5
obstacle,547.5,0,2.5
obstacle,547.5,997.5,2.5
obstacle,550,0,2.5
obstacle,550,997.5,2.5
obstacle,552.5,0,2.5
obstacle,552.5,997.5,2.5
obstacle,555,0,2.5
obstacle,555,997.5,2.5
obstacle,557.5,0,2.5
obstacle,557.5,997.5,2.5
obstacle,560,0,2.5
obstacle,560,997.5,2.5
obstacle,562.5,0,2.5
obstacle,562.5,997.5,2.5
obstacle,565,0,2.5
obstacle,565,997.5,2.5
obstacle,567.5,0,2.5
obstacle,567.5,997.5,2.5
obstacle,570,0,2.5
obstacle,570,997.5,2.5
obstacle,572.5,0,2.5
obstacle,572.5,997.5,2.5
obstacle,575,0,2.5
obstacle,575,997.5,2.5
obstacle,577.5,0,2.5
obstacle,577.5,997.5,2.5
obstacle,580,0,2.5
obstacle,580,997.5,2.5
obstacle,582.5,0,2.5
obstacle,582.5,997.5,2.5
obstacle,585,0,2.5
obstacle,585,997.5,2.5
obstacle,587.5,0,2.5
obstacle,587.5,997.5,2.5
obstacle,590,0,2.5
obstacle,590,997.5,2.5
obstacle,592.5,0,2.5
obstacle,592.5,997.5,2.5
obstacle,595,0,2.5
obstacle,595,997.5,2.5
obstacle,597.5,0,2.5
obstacle,597.5,997.5,2.5
obstacle,600,0,2.5
obstacle,600,997.5,2.5
obstacle,602.5,0,2.5
obstacle,602.5,997.5,2.5
obstacle,605,0,2.5
obstacle,605,997.5,2.5
obstacle,607.5,0,2.5
obstacle,607.5,997.5,2.5
obstacle,610,0,2.5
obstacle,610,997.5,2.5
obstacle,612.5,0,2.5
obstacle,612.5,997.5,2.5
obstacle,615,0,2.5
obstacle,615,997.5,2.5
obstacle,617.5,0,2.5
obstacle,617.5,997.5,2.5
obstacle,620,0,2.5
obstacle,620,997.5,2.5
obstacle,622.5,0,2.5
obstacle,622.5,997.5,2.5
obstacle,625,0,2.5
obstacle,625,997.5,2.5
obstacle,627.5,0,2.5
obstacle,627.5,997.5,2.5
obstacle,630,0,2.5
obstacle,630,997.5,2.5
obstacle,632.5,0,2.5
obstacle,632.5,997.5,2.5
obstacle,635,0,2.5
obstacle,635,997.5,2.5
obstacle,637.5,0,2.5
obstacle,637.5,997.5,2.5
obstacle,640,0,2.5
obstacle,640,997.5,2.5
obstacle,642.5,0,2.5
obstacle,642.5,997.5,2.5
obstacle,645,0,2.5
obstacle,645,997.5,2.5
obstacle,647.5,0,2.5
obstacle,647.5,997.5,2.5
obstacle,650,0,2.5
obstacle,650,997.5,2.5
obstacle,652.5,0,2.5
obstacle,652.5,997.5,2.5
obstacle,655,0,2.5
obstacle,655,997.5,2.5
obstacle,657.5,0,2.5
obstacle,657.5,997.5,2.5
obstacle,660,0,2.5
obstacle,660,997.5,2.5
obstacle,662.5,0,2.5
obstacle,662.5,997.5,2.5
obstacle,665,0,2.5
obstacle,665,997.5,2.5
obstacle,667.5,0,2.5
obstacle,667.5,997.5,2.5
obstacle,670,0,2.5
obstacle,670,997.5,2.5
obstacle,672.5,0,2.5
obstacle,672.5,997.5,2.5
obstacle,675,0,2.5
obstacle,675,997.5,2.5
obstacle,677.5,0,2.5
obstacle,677.5,997.5,2.5
obstacle,680,0,2.5
obstacle,680,997.5,2.5
obstacle,682.5,0,2.5
obstacle,682.5,997.5,2.5
obstacle,685,0,2.5
obstacle,685,997.5,2.5
obstacle,687.5,0,2.5
obstacle,687.5,997.5,2.5
obstacle,690,0,2.5
obstacle,690,997.5,2.5
obstacle,692.5,0,2.5
obstacle,692.5,997.5,2.5
obstacle,695,0,2.5
obstacle,695,997.5,2.5
obstacle,697.5,0,2.5
obstacle,697.5,997.5,2.5
obstacle,700,0,2.5
obstacle,700,997.5,2.5
obstacle,702.5,0,2.5
obstacle,702.5,997.5,2.5
obstacle,705,0,2.5
obstacle,705,997.5,2.5
obstacle,707.5,0,2.5
obstacle,707.5,997.5,2.5
obstacle,710,0,2.5
obstacle,710,997.5,2.5
obstacle,712.5,0,2.5
obstacle,712.5,997.5,2.5
obstacle,715,0,2.5
obstacle,715,997.5,2.5
obstacle,717.5,0,2.5
obstacle,717.5,997.5,2.5
obstacle,720,0,2.5
obstacle,720,997.5,2.5
obstacle,722.5,0,2.5
obstacle,722.5,997.5,2.5
obstacle,725,0,2.5
obstacle,725,997.5,2.5
obstacle,727.5,0,2.5
obstacle,727.5,997.5,2.5
obstacle,730,0,2.5
obstacle,730,997.5,2.5
obstacle,732.5,0,2.5
obstacle,732.5,997.5,2.5
obstacle,735,0,2.5
obstacle,735,997.5,2.5
obstacle,737.5,0,2.5
obstacle,737.5,997.5,2.5
obstacle,740,0,2.5
obstacle,740,997.5,2.5
obstacle,742.5,0,2.5
obstacle,742.5,997.5,2.5
obstacle,745,0,2.5
obstacle,745,997.5,2.5
obstacle,747.5,0,2.5
obstacle,747.5,997.5,2.5
obstacle,750,0,2.5
obstacle,750,997.5,2.5
obstacle,752.5,0,2.5
obstacle,752.5,997.5,2.5
obstacle,755,0,2.5
obstacle,755,997.5,2.5
obstacle,757.5,0,2.5
obstacle,757.5,997.5,2.5
obstacle,760,0,2.5
obstacle,760,997.5,2.5
obstacle,762.5,0,2.5
obstacle,762.5,997.5,2.5
obstacle,765,0,2.5
obstacle,765,997.5,2.5
obstacle,767.5,0,2.5
obstacle,767.5,997.5,2.5
obstacle,770,0,2.5
obstacle,770,997.5,2.5
obstacle,772.5,0,2.5
obstacle,772.5,997.5,2.5
obstacle,775,0,2.5
obstacle,775,997.5,2.5
obstacle,777.5,0,2.5
obstacle,777.5,997.5,2.5
obstacle,780,0,2.5
obstacle,780,997.5,2.5
obstacle,782.5,0,2.5
obstacle,782.5,997.5,2.5
obstacle,785,0,2.5
obstacle,785,997.5,2.5
obstacle,787.5,0,2.5
obstacle,787.5,997.5,2.5
obstacle,790,0,2.5
obstacle,790,997.5,2.5
obstacle,792.5,0,2.5
obstacle,792.5,997.5,2.5
obstacle,795,0,2.5
obstacle,795,997.5,2.5
obstacle,797.5,0,2.5
obstacle,797.5,997.5,2.5
obstacle,800,0,2.5
obstacle,800,997.5,2.5
obstacle,802.5,0,2.5
obstacle,802.5,997.5,2.5
obstacle,805,0,2.5
obstacle,805,997.5,2.5
obstacle,807.5,0,2.5
obstacle,807.5,997.5,2.5
obstacle,810,0,2.5
obstacle,810,997.5,2.5
obstacle,812.5,0,2.5
obstacle,812.5,997.5,2.5
obstacle,815,0,2.5
obstacle,815,997.5,2.5
obstacle,817.5,0,2.5
obstacle,817.5,997.5,2.5
obstacle,820,0,2.5
obstacle,820,997.5,2.5
obstacle,822.5,0,2.5
obstacle,822.5,997.5,2.5
obstacle,825,0,2.5
obstacle,825,997.5,2.5
obstacle,827.5,0,2.5
obstacle,827.5,997.5,2.5
obstacle,830,0,2.5
obstacle,830,997.5,2.5
obstacle,832.5,0,2.5
obstacle,832.5,997.5,2.5
obstacle,835,0,2.5
obstacle,835,997.5,2.5
obstacle,837.5,0,2.5
obstacle,837.5,997.5,2.5
obstacle,840,0,2.5
obstacle,840,997.5,2.5
obstacle,842.5,0,2.5
obstacle,842.5,997.5,2.5
obstacle,845,0,2.5
obstacle,845,997.5,2.5
obstacle,847.5,0,2.5
obstacle,847.5,997.5,2.5
obstacle,850,0,2.5
obstacle,850,997.5,2.5
obstacle,852.5,0,2.5
obstacle,852.5,997.5,2.5
obstacle,855,0,2.5
obstacle,855,997.5,2.5
obstacle,857.5,0,2.5
obstacle,857.5,997.5,2.5
obstacle,860,0,2.5
obstacle,860,997.5,2.5
obstacle,862.5,0,2.5
obstacle,862.5,997.5,2.5
obstacle,865,0,2.5
obstacle,865,997.5,2.5
obstacle,867.5,0,2.5
obstacle,867.5,997.5,2.5
obstacle,870,0,2.5
obstacle,870,997.5,2.5
obstacle,872.5,0,2.5
obstacle,872.5,997.5,2.5
obstacle,875,0,2.5
obstacle,875,997.5,2.5
obstacle,877.5,0,2.5
obstacle,877.5,997.5,2.5
obstacle,880,0,2.5
obstacle,880,997.5,2.5
obstacle,882.5,0,2.5
obstacle,882.5,997.5,2.5
obstacle,885,0,2.5
obstacle,885,997.5,2.5
obstacle,887.5,0,2.5
obstacle,887.5,997.5,2.5
obstacle,890,0,2.5
obstacle,890,997.5,2.5
obstacle,892.5,0,2.5
obstacle,892.5,997.5,2.5
obstacle,895,0,2.5
obstacle,895,997.5,2.5
obstacle,897.5,0,2.5
obstacle,897.5,997.5,2.5
obstacle,900,0,2.5
obstacle,900,997.5,2.5
obstacle,902.5,0,2.5
obstacle,902.5,997.5,2.5
obstacle,905,0,2.5
obstacle,905,997.5,2.5
obstacle,907.5,0,2.5
obstacle,907.5,997.5,2.5
obstacle,910,0,2.5
obstacle,910,997.5,2.5
obstacle,912.5,0,2.5
obstacle,912.5,997.5,2.5
obstacle,915,0,2.5
obstacle,915,997.5,2.5
obstacle,917.5,0,2.5
obstacle,917.5,997.5,2.5
obstacle,920,0,2.5
obstacle,920,997.5,2.5
obstacle,922.5,0,2.5
obstacle,922.5,997.5,2.5
obstacle,925,0,2.5
obstacle,925,997.5,2.5
obstacle,927.5,0,2.5
obstacle,927.5,997.5,2.5
obstacle,930,0,2.5
obstacle,930,997.5,2.5
obstacle,932.5,0,2.5
obstacle,932.5,997.5,2.5
obstacle,935,0,2.5
obstacle,935,997.5,2.5
obstacle,937.5,0,2.5
obstacle,937.5,997.5,2.5
obstacle,940,0,2.5
obstacle,940,997.5,2.5
obstacle,942.5,0,2.5
obstacle,942.5,997.5,2.5
obstacle,945,0,2.5
obstacle,945,997.5,2.5
obstacle,947.5,0,2.5
obstacle,947.5,997.5,2.5
obstacle,950,0,2.5
obstacle,950,997.5,2.5
obstacle,952.5,0,2.5
obstacle,952.5,997.5,2.5
obstacle,955,0,2.5
obstacle,955,997.5,2.5
obstacle,957.5,0,2.5
obstacle,957.5,997.5,2.5
obstacle,960,0,2.5
obstacle,960,997.5,2.5
obstacle,962.5,0,2.5
obstacle,962.5,997.5,2.5
obstacle,965,0,2.5
obstacle,965,997.5,2.5
obstacle,967.5,0,2.5
obstacle,967.5,997.5,2.5
obstacle,970,0,2.5
obstacle,970,997.5,2.5
obstacle,972.5,0,2.5
obstacle,972.5,997.5,2.5
obstacle,975,0,2.5
obstacle,975,997.5,2.5
obstacle,977.5,0,2.5
obstacle,977.5,997.5,2.5
obstacle,980,0,2.5
obstacle,980,997.5,2.5
obstacle,982.5,0,2.5
obstacle,982.5,997.5,2.5
obstacle,985,0,2.5
obstacle,985,997.5,2.5
obstacle,987.5,0,2.5
obstacle,987.5,997.5,2.5
obstacle,990,0,2.5
obstacle,990,997.5,2.5
obstacle,992.5,0,2.5
obstacle,992.5,997.5,2.5
obstacle,995,0,2.5
obstacle,995,997.5,2.5
obstacle,997.5,0,2.5
obstacle,997.5,997.5,2.5
obstacle,1000,0,2.5
obstacle,1000,997.5,2.5
obstacle,1002.5,0,2.5
obstacle,1002.5,997.5,2.5
obstacle,1005,0,2.5
obstacle,1005,997.5,2.5
obstacle,1007.5,0,2.5
obstacle,1007.5,997.5,2.5
obstacle,1010,0,2.5
obstacle,1010,997.5,2.5
obstacle,1012.5,0,2.5
obstacle,1012.5,997.5,2.5
obstacle,1015,0,2.5
obstacle,1015,997.5,2.5
obstacle,1017.5,0,2.5
obstacle,1017.5,997.5,2.5
obstacle,1020,0,2.5
obstacle,1020,997.5,2.5
obstacle,1022.5,0,2.5
obstacle,1022.5,997.5,2.5
obstacle,1025,0,2.5
obstacle,1025,997.5,2.5
obstacle,1027.5,0,2.5
obstacle,1027.5,997.5,2.5
obstacle,1030,0,2.5
obstacle,1030,997.5,2.5
obstacle,1032.5,0,2.5
obstacle,1032.5,997.5,2.5
obstacle,1035,0,2.5
obstacle,1035,997.5,2.5
obstacle,1037.5,0,2.5
obstacle,1037.5,997.5,2.5
obstacle,1040,0,2.5
obstacle,1040,997.5,2.5
obstacle,1042.5,0,2.5
obstacle,1042.5,997.5,2.5
obstacle,1045,0,2.5
obstacle,1045,997.5,2.5
obstacle,1047.5,0,2.5
obstacle,1047.5,997.5,2.5
obstacle,1050,0,2.5
obstacle,1050,997.5,2.5
obstacle,1052.5,0,2.5
obstacle,1052.5,997.5,2.5
obstacle,1055,0,2.5
obstacle,1055,997.5,2.5
obstacle,1057.5,0,2.5
obstacle,1057.5,997.5,2.5
obstacle,1060,0,2.5
obstacle,1060,997.5,2.5
obstacle,1062.5,0,2.5
obstacle,1062.5,997.5,2.5
obstacle,1065,0,2.5
obstacle,1065,997.5,2.5
obstacle,1067.5,0,2.5
obstacle,1067.5,997.5,2.5
obstacle,1070,0,2.5
obstacle,1070,997.5,2.5
obstacle,1072.5,0,2.5
obstacle,1072.5,997.5,2.5
obstacle,1075,0,2.5
obstacle,1075,997.5,2.5
obstacle,1077.5,0,2.5
obstacle,1077.5,997.5,2.5
obstacle,1080,0,2.5
obstacle,1080,997.5,2.5
obstacle,1082.5,0,2.5
obstacle,1082.5,997.5,2.5
obstacle,1085,0,2.5
obstacle,1085,997.5,2.5
obstacle,1087.5,0,2.5
obstacle,1087.5,997.5,2.5
obstacle,1090,0,2.5
obstacle,1090,997.5,2.5
obstacle,1092.5,0,2.5
obstacle,1092.5,997.5,2.5
obstacle,1095,0,2.5
obstacle,1095,997.5,2.5
obstacle,1097.5,0,2.5
obstacle,1097.5,997.5,2.5
obstacle,1100,0,2.5
obstacle,1100,997.5,2.5
obstacle,1102.5,0,2.5
obstacle,1102.5,997.5,2.5
obstacle,1105,0,2.5
obstacle,1105,997.5,2.5
obstacle,1107.5,0,2.5
obstacle,1107.5,997.5,2.5
obstacle,1110,0,2.5
obstacle,1110,997.5,2.5
obstacle,1112.5,0,2.5
obstacle,1112.5,997.5,2.5
obstacle,1115,0,2.5
obstacle,1115,997.5,2.5
obstacle,1117.5,0,2.5
obstacle,1117.5,997.5,2.5
obstacle,1120,0,2.5
obstacle,1120,997.5,2.5
obstacle,1122.5,0,2.5
obstacle,1122.5,997.5,2.5
obstacle,1125,0,2.5
obstacle,1125,997.5,2.5
obstacle,1127.5,0,2.5
obstacle,1127.5,997.5,2.5
obstacle,1130,0,2.5
obstacle,1130,997.5,2.5
obstacle,1132.5,0,2.5
obstacle,1132.5,997.5,2.5
obstacle,1135,0,2.5
obstacle,1135,997.5,2.5
obstacle,1137.5,0,2.5
obstacle,1137.5,997.5,2.5
obstacle,1140,0,2.5
obstacle,1140,997.5,2.5
obstacle,1142.5,0,2.5
obstacle,1142.5,997.5,2.5
obstacle,1145,0,2.5
obstacle,1145,997.5,2.5
obstacle,1147.5,0,2.5
obstacle,1147.5,997.5,2.5
obstacle,1150,0,2.5
obstacle,1150,997.5,2.5
obstacle,1152.5,0,2.5
obstacle,1152.5,997.5,2.5
obstacle,1155,0,2.5
obstacle,1155,997.5,2.5
obstacle,1157.5,0,2.5
obstacle,1157.5,997.5,2.5
obstacle,1160,0,2.5
obstacle,1160,997.5,2.5
obstacle,1162.5,0,2.5
obstacle,1162.5,997.5,2.5
obstacle,1165,0,2.5
obstacle,1165,997.5,2.5
obstacle,1167.5,0,2.5
obstacle,1167.5,997.5,2.5
obstacle,1170,0,2.5
obstacle,1170,997.5,2.5
obstacle,1172.5,0,2.5
obstacle,1172.5,997.5,2.5
obstacle,1175,0,2.5
obstacle,1175,997.5,2.5
obstacle,1177.5,0,2.5
obstacle,1177.5,997.5,2.5
obstacle,1180,0,2.5
obstacle,1180,997.5,2.5
obstacle,1182.5,0,2.5
obstacle,1182.5,997.5,2.5
obstacle,1185,0,2.5
obstacle,1185,997.5,2.5
obstacle,1187.5,0,2.5
obstacle,1187.5,997.5,2.5
obstacle,1190,0,2.5
obstacle,1190,997.5,2.5
obstacle,1192.5,0,2.5
obstacle,1192.5,997.5,2.5
obstacle,1195,0,2.5
obstacle,1195,997.5,2.5
obstacle,1197.5,0,2.5
obstacle,1197.5,997.5,2.5
obstacle,1200,0,2.5
obstacle,1200,997.5,2.5
obstacle,1202.5,0,2.5
obstacle,1202.5,997.5,2.5
obstacle,1205,0,2.5
obstacle,1205,997.5,2.5
obstacle,1207.5,0,2.5
obstacle,1207.5,997.5,2.5
obstacle,1210,0,2.5
obstacle,1210,997.5,2.5
obstacle,1212.5,0,2.5
obstacle,1212.5,997.5,2.5
obstacle,1215,0,2.5
obstacle,1215,997.5,2.5
obstacle,1217.5,0,2.5
obstacle,1217.5,997.5,2.5
obstacle,1220,0,2.5
obstacle,1220,997.5,2.5
obstacle,1222.5,0,2.5
obstacle,1222.5,997.5,2.5
obstacle,1225,0,2.5
obstacle,1225,997.5,2.5
obstacle,1227.5,0,2.5
obstacle,1227.5,997.5,2.5
obstacle,1230,0,2.5
obstacle,1230,997.5,2.5
obstacle,1232.5,0,2.5
obstacle,1232.5,997.5,2.5
obstacle,1235,0,2.5
obstacle,1235,997.5,2.5
obstacle,1237.5,0,2.5
obstacle,1237.5,997.5,2.5
obstacle,1240,0,2.5
obstacle,1240,997.5,2.5
obstacle,1242.5,0,2.5
obstacle,1242.5,997.5,2.5
obstacle,1245,0,2.5
obstacle,1245,997.5,2.5
obstacle,1247.5,0,2.5
obstacle,1247.5,997.5,2.5
obstacle,1250,0,2.5
obstacle,1250,997.5,2.5
obstacle,1252.5,0,2.5
obstacle,1252.5,997.5,2.5
obstacle,1255,0,2.5
obstacle,1255,997.5,2.5
obstacle,1257.5,0,2.5
obstacle,1257.5,997.5,2.5
obstacle,1260,0,2.5
obstacle,1260,997.5,2.5
obstacle,1262.5,0,2.5
obstacle,1262.5,997.5,2.5
obstacle,1265,0,2.5
obstacle,1265,997.5,2.5
obstacle,1267.5,0,2.5
obstacle,1267.5,997.5,2.5
obstacle,1270,0,2.5
obstacle,1270,997.5,2.5
obstacle,1272.5,0,2.5
obstacle,1272.5,997.5,2.5
obstacle,1275,0,2.5
obstacle,1275,997.5,2.5
obstacle,1277.5,0,2.5
obstacle,1277.5,997.5,2.5
obstacle,1280,0,2.5
obstacle,1280,997.5,2.5
obstacle,1282.5,0,2.5
obstacle,1282.5,997.5,2.5
obstacle,1285,0,2.5
obstacle,1285,997.5,2.5
obstacle,1287.5,0,2.5
obstacle,1287.5,997.5,2.5
obstacle,1290,0,2.5
obstacle,1290,997.5,2.5
obstacle,1292.5,0,2.5
obstacle,1292.5,997.5,2.5
obstacle,1295,0,2.5
obstacle,1295,997.5,2.5
obstacle,1297.5,0,2.5
obstacle,1297.5,997.5,2.5
obstacle,1300,0,2.5
obstacle,1300,997.5,2.5
obstacle,1302.5,0,2.5
obstacle,1302.5,997.5,2.5
obstacle,1305,0,2.5
obstacle,1305,997.5,2.5
obstacle,1307.5,0,2.5
obstacle,1307.5,997.5,2.5
obstacle,1310,0,2.5
obstacle,1310,997.5,2.5
obstacle,1312.5,0,2.5
obstacle,1312.5,997.5,2.5
obstacle,1315,0,2.5
obstacle,1315,997.5,2.5
obstacle,1317.5,0,2.5
obstacle,1317.5,997.5,2.5
obstacle,1320,0,2.5
obstacle,1320,997.5,2.5
obstacle,1322.5,0,2.5
obstacle,1322.5,997.5,2.5
obstacle,1325,0,2.5
obstacle,1325,997.5,2.5
obstacle,1327.5,0,2.5
obstacle,1327.5,997.5,2.5
obstacle,1330,0,2.5
obstacle,1330,997.5,2.5
obstacle,1332.5,0,2.5
obstacle,1332.5,997.5,2.5
obstacle,1335,0,2.5
obstacle,1335,997.5,2.5
obstacle,1337.5,0,2.5
obstacle,1337.5,997.5,2.5
obstacle,1340,0,2.5
obstacle,1340,997.5,2.5
obstacle,1342.5,0,2.5
obstacle,1342.5,997.5,2.5
obstacle,1345,0,2.5
obstacle,1345,997.5,2.5
obstacle,1347.5,0,2.5
obstacle,1347.5,997.5,2.5
obstacle,1350,0,2.5
obstacle,1350,997.5,2.5
obstacle,1352.5,0,2.5
obstacle,1352.5,997.5,2.5
obstacle,1355,0,2.5
obstacle,1355,997.5,2.5
obstacle,1357.5,0,2.5
obstacle,1357.5,997.5,2.5
obstacle,1360,0,2.5
obstacle,1360,997.5,2.5
obstacle,1362.5,0,2.5
obstacle,1362.5,997.5,2.5
obstacle,1365,0,2.5
obstacle,1365,997.5,2.5
obstacle,1367.5,0,2.5
obstacle,1367.5,997.5,2.5
obstacle,1370,0,2.5
obstacle,1370,997.5,2.5
obstacle,1372.5,0,2.5
obstacle,1372.5,997.5,2.5
obstacle,1375,0,2.5
obstacle,1375,997.5,2.5
obstacle,1377.5,0,2.5
obstacle,1377.5,997.5,2.5
obstacle,1380,0,2.5
obstacle,1380,997.5,2.5
obstacle,1382.5,0,2.5
obstacle,1382.5,997.5,2.5
obstacle,1385,0,2.5
obstacle,1385,997.5,2.5
obstacle,1387.5,0,2.5
obstacle,1387.5,997.5,2.5
obstacle,1390,0,2.5
obstacle,1390,997.5,2.5
obstacle,1392.5,0,2.5
obstacle,1392.5,997.5,2.5
obstacle,1395,0,2.5
obstacle,1395,997.5,2.5
obstacle,1397.5,0,2.5
obstacle,1397.5,997.5,2.5
obstacle,1400,0,2.5
obstacle,1400,997.5,2.5
obstacle,1402.5,0,2.5
obstacle,1402.5,997.5,2.5
obstacle,1405,0,2.5
obstacle,1405,997.5,2.5
obstacle,1407.5,0,2.5
obstacle,1407.5,997.5,2.5
obstacle,1410,0,2.5
obstacle,1410,997.5,2.5
obstacle,1412.5,0,2.5
obstacle,1412.5,997.5,2.5
obstacle,1415,0,2.5
obstacle,1415,997.5,2.5
obstacle,1417.5,0,2.5
obstacle,1417.5,997.5,2.5
obstacle,1420,0,2.5
obstacle,1420,997.5,2.5
obstacle,1422.5,0,2.5
obstacle,1422.5,997.5,2.5
obstacle,1425,0,2.5
obstacle,1425,997.5,2.5
obstacle,1427.5,0,2.5
obstacle,1427.5,997.5,2.5
obstacle,1430,0,2.5
obstacle,1430,997.5,2.5
obstacle,1432.5,0,2.5
obstacle,1432.5,997.5,2.5
obstacle,1435,0,2.5
obstacle,1435,997.5,2.5
obstacle,1437.5,0,2.5
obstacle,1437.5,997.5,2.5
obstacle,1440,0,2.5
obstacle,1440,997.5,2.5
obstacle,1442.5,0,2.5
obstacle,1442.5,997.5,2.5
obstacle,1445,0,2.5
obstacle,1445,997.5,2.5
obstacle,1447.5,0,2.5
obstacle,1447.5,997.5,2.5
obstacle,1450,0,2.5
obstacle,1450,997.5,2.5
obstacle,1452.5,0,2.5
obstacle,1452.5,997.5,2.5
obstacle,1455,0,2.5
obstacle,1455,997.5,2.5
obstacle,1457.5,0,2.5
obstacle,1457.5,997.5,2.5
obstacle,1460,0,2.5
obstacle,1460,997.5,2.5
obstacle,1462.5,0,2.5
obstacle,1462.5,997.5,2.5
obstacle,1465,0,2.5
obstacle,1465,997.5,2.5
obstacle,1467.5,0,2.5
obstacle,1467.5,997.5,2.5
obstacle,1470,0,2.5
obstacle,1470,997.5,2.5
obstacle,1472.5,0,2.5
obstacle,1472.5,997.5,2.5
obstacle,1475,0,2.5
obstacle,1475,997.5,2.5
obstacle,1477.5,0,2.5
obstacle,1477.5,997.5,2.5
obstacle,1480,0,2.5
obstacle,1480,997.5,2.5
obstacle,1482.5,0,2.5
obstacle,1482.5,997.5,2.5
obstacle,1485,0,2.5
obstacle,1485,997.5,2.5
obstacle,1487.5,0,2.5
obstacle,1487.5,997.5,2.5
obstacle,1490,0,2.5
obstacle,1490,997.5,2.5
obstacle,1492.5,0,2.5
obstacle,1492.5,997.5,2.5
obstacle,1495,0,2.5
obstacle,1495,997.5,2.5
obstacle,1497.5,0,2.5
obstacle,1497.5,997.5,2.5
obstacle,1500,0,2.5
obstacle,1500,997.5,2.5
obstacle,1502.5,0,2.5
obstacle,1502.5,997.5,2.5
obstacle,1505,0,2.5
obstacle,1505,997.5,2.5
obstacle,1507.5,0,2.5
obstacle,1507.5,997.5,2.5
obstacle,1510,0,2.5
obstacle,1510,997.5,2.5
obstacle,1512.5,0,2.5
obstacle,1512.5,997.5,2.5
obstacle,1515,0,2.5
obstacle,1515,997.5,2.5
obstacle,1517.5,0,2.5
obstacle,1517.5,997.5,2.5
obstacle,1520,0,2.5
obstacle,1520,997.5,2.5
obstacle,1522.5,0,2.5
obstacle,1522.5,997.5,2.5
obstacle,1525,0,2.5
obstacle,1525,997.5,2.5
obstacle,1527.5,0,2.5
obstacle,1527.5,997.5,2.5
obstacle,1530,0,2.5
obstacle,1530,997.5,2.5
obstacle,1532.5,0,2.5
obstacle,1532.5,997.5,2.5
obstacle,1535,0,2.5
obstacle,1535,997.5,2.5
obstacle,1537.5,0,2.5
obstacle,1537.5,997.5,2.5
obstacle,1540,0,2.5
obstacle,1540,997.5,2.5
obstacle,1542.5,0,2.5
obstacle,1542.5,997.5,2.5
obstacle,1545,0,2.5
obstacle,1545,997.5,2.5
obstacle,1547.5,0,2.5
obstacle,1547.5,997.5,2.5
obstacle,1550,0,2.5
obstacle,1550,997.5,2.5
obstacle,1552.5,0,2.5
obstacle,1552.5,997.5,2.5
obstacle,1555,0,2.5
obstacle,1555,997.5,2.5
obstacle,1557.5,0,2.5
obstacle,1557.5,997.5,2.5
obstacle,1560,0,2.5
obstacle,1560,997.5,2.5
obstacle,1562.5,0,2.5
obstacle,1562.5,997.5,2.5
obstacle,1565,0,2.5
obstacle,1565,997.5,2.5
obstacle,1567.5,0,2.5
obstacle,1567.5,997.5,2.5
obstacle,1570,0,2.5
obstacle,1570,997.5,2.5
obstacle,1572.5,0,2.5
obstacle,1572.5,997.5,2.5
obstacle,1575,0,2.5
obstacle,1575,997.5,2.5
obstacle,1577.5,0,2.5
obstacle,1577.5,997.5,2.5
obstacle,1580,0,2.5
obstacle,1580,997.5,2.5
obstacle,1582.5,0,2.5
obstacle,1582.5,997.5,2.5
obstacle,1585,0,2.5
obstacle,1585,997.5,2.5
obstacle,1587.5,0,2.5
obstacle,1587.5,997.5,2.5
obstacle,1590,0,2.5
obstacle,1590,997.5,2.5
obstacle,1592.5,0,2.5
obstacle,1592.5,997.5,2.5
obstacle,1595,0,2.5
obstacle,1595,997.5,2.5
obstacle,1597.5,0,2.5
obstacle,1597.5,997.5,2.5
obstacle,1600,0,2.5
obstacle,1600,997.5,2.5
obstacle,1602.5,0,2.5
obstacle,1602.5,997.5,2.5
obstacle,1605,0,2.5
obstacle,1605,997.5,2.5
obstacle,1607.5,0,2.5
obstacle,1607.5,997.5,2.5
obstacle,1610,0,2.5
obstacle,1610,997.5,2.5
obstacle,1612.5,0,2.5
obstacle,1612.5,997.5,2.5
obstacle,1615,0,2.5
obstacle,1615,997.5,2.5
obstacle,1617.5,0,2.5
obstacle,1617.5,997.5,2.5
obstacle,1620,0,2.5
obstacle,1620,997.5,2.5
obstacle,1622.5,0,2.5
obstacle,1622.5,997.5,2.5
obstacle,1625,0,2.5
obstacle,1625,997.5,2.5
obstacle,1627.5,0,2.5
obstacle,1627.5,997.5,2.5
obstacle,1630,0,2.5
obstacle,1630,997.5,2.5
obstacle,1632.5,0,2.5
obstacle,1632.5,997.5,2.5
obstacle,1635,0,2.5
obstacle,1635,997.5,2.5
obstacle,1637.5,0,2.5
obstacle,1637.5,997.5,2.5
obstacle,1640,0,2.5
obstacle,1640,997.5,2.5
obstacle,1642.5,0,2.5
obstacle,1642.5,997.5,2.5
obstacle,1645,0,2.5
obstacle,1645,997.5,2.5
obstacle,1647.5,0,2.5
obstacle,1647.5,997.5,2.5
obstacle,1650,0,2.5
obstacle,1650,997.5,2.5
obstacle,1652.5,0,2.5
obstacle,1652.5,997.5,2.5
obstacle,1655,0,2.5
obstacle,1655,997.5,2.5
obstacle,1657.5,0,2.5
obstacle,1657.5,997.5,2.5
obstacle,1660,0,2.5
obstacle,1660,997.5,2.5
obstacle,1662.5,0,2.5
obstacle,1662.5,997.5,2.5
obstacle,1665,0,2.5
obstacle,1665,997.5,2.5
obstacle,1667.5,0,2.5
obstacle,1667.5,997.5,2.5
obstacle,1670,0,2.5
obstacle,1670,997.5,2.5
obstacle,1672.5,0,2.5
obstacle,1672.5,997.5,2.5
obstacle,1675,0,2.5
obstacle,1675,997.5,2.5
obstacle,1677.5,0,2.5
obstacle,1677.5,997.5,2.5
obstacle,1680,0,2.5
obstacle,1680,997.5,2.5
obstacle,1682.5,0,2.5
obstacle,1682.5,997.5,2.5
obstacle,1685,0,2.5
obstacle,1685,997.5,2.5
obstacle,1687.5,0,2.5
obstacle,1687.5,997.5,2.5
obstacle,1690,0,2.5
obstacle,1690,997.5,2.5
obstacle,1692.5,0,2.5
obstacle,1692.5,997.5,2.5
obstacle,1695,0,2.5
obstacle,1695,997.5,2.5
obstacle,1697.5,0,2.5
obstacle,1697.5,997.5,2.5
obstacle,1700,0,2.5
obstacle,1700,997.5,2.5
obstacle,1702.5,0,2.5
obstacle,1702.5,997.5,2.5
obstacle,1705,0,2.5
obstacle,1705,997.5,2.5
obstacle,1707.5,0,2.5
obstacle,1707.5,997.5,2.5
obstacle,1710,0,2.5
obstacle,1710,997.5,2.5
obstacle,1712.5,0,2.5
obstacle,1712.5,997.5,2.5
obstacle,1715,0,2.5
obstacle,1715,997.5,2.5
obstacle,1717.5,0,2.5
obstacle,1717.5,997.5,2.5
obstacle,1720,0,2.5
obstacle,1720,997.5,2.5
obstacle,1722.5,0,2.5
obstacle,1722.5,997.5,2.5
obstacle,1725,0,2.5
obstacle,1725,997.5,2.5
obstacle,1727.5,0,2.5
obstacle,1727.5,997.5,2.5
obstacle,1730,0,2.5
obstacle,1730,997.5,2.5
obstacle,1732.5,0,2.5
obstacle,1732.5,997.5,2.5
obstacle,1735,0,2.5
obstacle,1735,997.5,2.5
obstacle,1737.5,0,2.5
obstacle,1737.5,997.5,2.5
obstacle,1740,0,2.5
obstacle,1740,997.5,2.5
obstacle,1742.5,0,2.5
obstacle,1742.5,997.5,2.5
obstacle,1745,0,2.5
obstacle,1745,997.5,2.5
obstacle,1747.5,0,2.5
obstacle,1747.5,997.5,2.5
obstacle,1750,0,2.5
obstacle,1750,997.5,2.5
obstacle,1752.5,0,2.5
obstacle,1752.5,997.5,2.5
obstacle,1755,0,2.5
obstacle,1755,997.5,2.5
obstacle,1757.5,0,2.5
obstacle,1757.5,997.5,2.5
obstacle,1760,0,2.5
obstacle,1760,997.5,2.5
obstacle,1762.5,0,2.5
obstacle,1762.5,997.5,2.5
obstacle,1765,0,2.5
obstacle,1765,997.5,2.5
obstacle,1767.5,0,2.5
obstacle,1767.5,997.5,2.5
obstacle,1770,0,2.5
obstacle,1770,997.5,2.5
obstacle,1772.5,0,2.5
obstacle,1772.5,997.5,2.5
obstacle,1775,0,2.5
obstacle,1775,997.5,2.5
obstacle,1777.5,0,2.5
obstacle,1777.5,997.5,2.5
obstacle,1780,0,2.5
obstacle,1780,997.5,2.5
obstacle,1782.5,0,2.5
obstacle,1782.5,997.5,2.5
obstacle,1785,0,2.5
obstacle,1785,997.5,2.5
obstacle,1787.5,0,2.5
obstacle,1787.5,997.5,2.5
obstacle,1790,0,2.5
obstacle,1790,997.5,2.5
obstacle,1792.5,0,2.5
obstacle,1792.5,997.5,2.5
obstacle,1795,0,2.5
obstacle,1795,997.5,2.5
obstacle,1797.5,0,2.5
obstacle,1797.5,997.5,2.5
obstacle,1800,0,2.5
obstacle,1800,997.5,2.5
obstacle,1802.5,0,2.5
obstacle,1802.5,997.5,2.5
obstacle,1805,0,2.5
obstacle,1805,997.5,2.5
obstacle,1807.5,0,2.5
obstacle,1807.5,997.5,2.5
obstacle,1810,0,2.5
obstacle,1810,997.5,2.5
obstacle,1812.5,0,2.5
obstacle,1812.5,997.5,2.5
obstacle,1815,0,2.5
obstacle,1815,997.5,2.5
obstacle,1817.5,0,2.5
obstacle,1817.5,997.5,2.5
obstacle,1820,0,2.5
obstacle,1820,997.5,2.5
obstacle,1822.5,0,2.5
obstacle,1822.5,997.5,2.5
obstacle,1825,0,2.5
obstacle,1825,997.5,2.5
obstacle,1827.5,0,2.5
obstacle,1827.5,997.5,2.5
obstacle,1830,0,2.5
obstacle,1830,997.5,2.5
obstacle,1832.5,0,2.5
obstacle,1832.5,997.5,2.5
obstacle,1835,0,2.5
obstacle,1835,997.5,2.5
obstacle,1837.5,0,2.5
obstacle,1837.5,997.5,2.5
obstacle,1840,0,2.5
obstacle,1840,997.5,2.5
obstacle,1842.5,0,2.5
obstacle,1842.5,997.5,2.5
obstacle,1845,0,2.5
obstacle,1845,997.5,2.5
obstacle,1847.5,0,2.5
obstacle,1847.5,997.5,2.5
obstacle,1850,0,2.5
obstacle,1850,997.5,2.5
obstacle,1852.5,0,2.5
obstacle,1852.5,997.5,2.5
obstacle,1855,0,2.5
obstacle,1855,997.5,2.5
obstacle,1857.5,0,2.5
obstacle,1857.5,997.5,2.5
obstacle,1860,0,2.5
obstacle,1860,997.5,2.5
obstacle,1862.5,0,2.5
obstacle,1862.5,997.5,2.5
obstacle,1865,0,2.5
obstacle,1865,997.5,2.5
obstacle,1867.5,0,2.5
obstacle,1867.5,997.5,2.5
obstacle,1870,0,2.5
obstacle,1870,997.5,2.5
obstacle,1872.5,0,2.5
obstacle,1872.5,997.5,2.5
obstacle,1875,0,2.5
obstacle,1875,997.5,2.5
obstacle,1877.5,0,2.5
obstacle,1877.5,997.5,2.5
obstacle,1880,0,2.5
obstacle,1880,997.5,2.5
obstacle,1882.5,0,2.5
obstacle,1882.5,997.5,2.5
obstacle,1885,0,2.5
obstacle,1885,997.5,2.5
obstacle,1887.5,0,2.5
obstacle,1887.5,997.5,2.5
obstacle,1890,0,2.5
obstacle,1890,997.5,2.5
obstacle,1892.5,0,2.5
obstacle,1892.5,997.5,2.5
obstacle,1895,0,2.5
obstacle,1895,997.5,2.5
obstacle,1897.5,0,2.5
obstacle,1897.5,997.5,2.5
obstacle,1900,0,2.5
obstacle,1900,997.5,2.5
obstacle,1902.5,0,2.5
obstacle,1902.5,997.5,2.5
obstacle,1905,0,2.5
obstacle,1905,997.5,2.5
obstacle,1907.5,0,2.5
obstacle,1907.5,997.5,2.5
obstacle,1910,0,2.5
obstacle,1910,997.5,2.5
obstacle,1912.5,0,2.5
obstacle,1912.5,997.5,2.5
obstacle,1915,0,2.5
obstacle,1915,997.5,2.5
obstacle,1917.5,0,2.5
obstacle,1917.5,997.5,2.5
obstacle,1920,0,2.5
obstacle,1920,997.5,2.5
obstacle,1922.5,0,2.5
obstacle,1922.5,997.5,2.5
obstacle,1925,0,2.5
obstacle,1925,997.5,2.5
obstacle,1927.5,0,2.5
obstacle,1927.5,997.5,2.5
obstacle,1930,0,2.5
obstacle,1930,997.5,2.5
obstacle,1932.5,0,2.5
obstacle,1932.5,997.5,2.5
obstacle,1935,0,2.5
obstacle,1935,997.5,2.5
obstacle,1937.5,0,2.5
obstacle,1937.5,997.5,2.5
obstacle,1940,0,2.5
obstacle,1940,997.5,2.5
obstacle,1942.5,0,2.5
obstacle,1942.5,997.5,2.5
obstacle,1945,0,2.5
obstacle,1945,997.5,2.5
obstacle,1947.5,0,2.5
obstacle,1947.5,997.5,2.5
obstacle,1950,0,2.5
obstacle,1950,997.5,2.5
obstacle,1952.5,0,2.5
obstacle,1952.5,997.5,2.5
obstacle,1955,0,2.5
obstacle,1955,997.5,2.5
obstacle,1957.5,0,2.5
obstacle,1957.5,997.5,2.5
obstacle,1960,0,2.5
obstacle,1960,997.5,2.5
obstacle,1962.5,0,2.5
obstacle,1962.5,997.5,2.5
obstacle,1965,0,2.5
obstacle,1965,997.5,2.5
obstacle,1967.5,0,2.5
obstacle,1967.5,997.5,2.5
obstacle,1970,0,2.5
obstacle,1970,997.5,2.5
obstacle,1972.5,0,2.5
obstacle,1972.5,997.5,2.5
obstacle,1975,0,2.5
obstacle,1975,997.5,2.5
obstacle,1977.5,0,2.5
obstacle,1977.5,997.5,2.5
obstacle,1980,0,2.5
obstacle,1980,997.5,2.5
obstacle,1982.5,0,2.5
obstacle,1982.5,997.5,2.5
obstacle,1985,0,2.5
obstacle,1985,997.5,2.5
obstacle,1987.5,0,2.5
obstacle,1987.5,997.5,2.5
obstacle,1990,0,2.5
obstacle,1990,997.5,2.5
obstacle,1992.5,0,2.5
obstacle,1992.5,997.5,2.5
obstacle,1995,0,2.5
obstacle,1995,997.5,2.5
obstacle,1997.5,0,2.5
obstacle,1997.5,997.5,2.5
obstacle,0,2.5,2.5
obstacle,1997.5,2.5,2.5
obstacle,0,5,2.5
obstacle,1997.5,5,2.5
obstacle,0,7.5,2.5
obstacle,1997.5,7.5,2.5
obstacle,0,10,2.5
obstacle,1997.5,10,2.5
obstacle,0,12.5,2.5
obstacle,1997.5,12.5,2.5
obstacle,0,15,2.5
obstacle,1997.5,15,2.5
obstacle,0,17.5,2.5
obstacle,1997.5,17.5,2.5
obstacle,0,20,2.5
obstacle,1997.5,20,2.5
obstacle,0,22.5,2.5
obstacle,1997.5,22.5,2.5
obstacle,0,25,2.5
obstacle,1997.5,25,2.5
obstacle,0,27.5,2.5
obstacle,1997.5,27.5,2.5
obstacle,0,30,2.5
obstacle,1997.5,30,2.5
obstacle,0,32.5,2.5
obstacle,1997.5,32.5,2.5
obstacle,0,35,2.5
obstacle,1997.5,35,2.5
obstacle,0,37.5,2.5
obstacle,1997.5,37.5,2.5
obstacle,0,40,2.5
obstacle,1997.5,40,2.5
obstacle,0,42.5,2.5
obstacle,1997.5,42.5,2.5
obstacle,0,45,2.5
obstacle,1997.5,45,2.5
obstacle,0,47.5,2.5
obstacle,1997.5,47.5,2.5
obstacle,0,50,2.5
obstacle,1997.5,50,2.5
obstacle,0,52.5,2.5
obstacle,1997.5,52.5,2.5
obstacle,0,55,2.5
obstacle,1997.5,55,2.5
obstacle,0,57.5,2.5
obstacle,1997.5,57.5,2.5
obstacle,0,60,2.5
obstacle,1997.5,60,2.5
obstacle,0,62.5,2.5
obstacle,1997.5,62.5,2.5
obstacle,0,65,2.5
obstacle,1997.5,65,2.5
obstacle,0,67.5,2.5
obstacle,1997.5,67.5,2.5
obstacle,0,70,2.5
obstacle,1997.5,70,2.5
obstacle,0,72.5,2.5
obstacle,1997.5,72.5,2.5
obstacle,0,75,2.5
obstacle,1997.5,75,2.5
obstacle,0,77.5,2.5
obstacle,1997.5,77.5,2.5
obstacle,0,80,2.5
obstacle,1997.5,80,2.5
obstacle,0,82.5,2.5
obstacle,1997.5,82.5,2.5
obstacle,0,85,2.5
obstacle,1997.5,85,2.5
obstacle,0,87.5,2.5
obstacle,1997.5,87.5,2.5
obstacle,0,90,2.5
obstacle,1997.5,90,2.5
obstacle,0,92.5,2.5
obstacle,1997.5,92.5,2.5
obstacle,0,95,2.5
obstacle,1997.5,95,2.5
obstacle,0,97.5,2.5
obstacle,1997.5,97.5,2.5
obstacle,0,100,2.5
obstacle,1997.5,100,2.5
obstacle,0,102.5,2.5
obstacle,1997.5,102.5,2.5
obstacle,0,105,2.5
obstacle,1997.5,105,2.5
obstacle,0,107.5,2.5
obstacle,1997.5,107.5,2.5
obstacle,0,110,2.5
obstacle,1997.5,110,2.5
obstacle,0,112.5,2.5
obstacle,1997.5,112.5,2.5
obstacle,0,115,2.5
obstacle,1997.5,115,2.5
obstacle,0,117.5,2.5
obstacle,1997.5,117.5,2.5
obstacle,0,120,2.5
obstacle,1997.5,120,2.5
obstacle,0,122.5,2.5
obstacle,1997.5,122.5,2.5
obstacle,0,125,2.5
obstacle,1997.5,125,2.5
obstacle,0,127.5,2.5
obstacle,1997.5,127.5,2.5
obstacle,0,130,2.5
obstacle,1997.5,130,2.5
obstacle,0,132.5,2.5
obstacle,1997.5,132.5,2.5
obstacle,0,135,2.5
obstacle,1997.5,135,2.5
obstacle,0,137.5,2.5
obstacle,1997.5,137.5,2.5
obstacle,0,140,2.5
obstacle,1997.5,140,2.5
obstacle,0,142.5,2.5
obstacle,1997.5,142.5,2.5
obstacle,0,145,2.5
obstacle,1997.5,145,2.5
obstacle,0,147.5,2.5
obstacle,1997.5,147.5,2.5
obstacle,0,150,2.5
obstacle,1997.5,150,2.5
obstacle,0,152.5,2.5
obstacle,1997.5,152.5,2.5
obstacle,0,155,2.5
obstacle,1997.5,155,2.5
obstacle,0,157.5,2.5
obstacle,1997.5,157.5,2.5
obstacle,0,160,2.5
obstacle,1997.5,160,2.5
obstacle,0,162.5,2.5
obstacle,1997.5,162.5,2.5
obstacle,0,165,2.5
obstacle,1997.5,165,2.5
obstacle,0,167.5,2.5
obstacle,1997.5,167.5,2.5
obstacle,0,170,2.5
obstacle,1997.5,170,2.5
obstacle,0,172.5,2.5
obstacle,1997.5,172.5,2.5
obstacle,0,175,2.5
obstacle,1997.5,175,2.5
obstacle,0,177.5,2.5
obstacle,1997.5,177.5,2.5
obstacle,0,180,2.5
obstacle,1997.5,180,2.5
obstacle,0,182.5,2.5
obstacle,1997.5,182.5,2.5
obstacle,0,185,2.5
obstacle,1997.5,185,2.5
obstacle,0,187.5,2.5
obstacle,1997.5,187.5,2.5
obstacle,0,190,2.5
obstacle,1997.5,190,2.5
obstacle,0,192.5,2.5
obstacle,1997.5,192.5,2.5
obstacle,0,195,2.5
obstacle,1997.5,195,2.5
obstacle,0,197.5,2.5
obstacle,1997.5,197.5,2.5
obstacle,0,200,2.5
obstacle,1997.5,200,2.5
obstacle,0,202.5,2.5
obstacle,1997.5,202.5,2.5
obstacle,0,205,2.5
obstacle,1997.5,205,2.5
obstacle,0,207.5,2.5
obstacle,1997.5,207.5,2.5
obstacle,0,210,2.5
obstacle,1997.5,210,2.5
obstacle,0,212.5,2.5
obstacle,1997.5,212.5,2.5
obstacle,0,215,2.5
obstacle,1997.5,215,2.5
obstacle,0,217.5,2.5
obstacle,1997.5,217.5,2.5
obstacle,0,220,2.5
obstacle,1997.5,220,2.5
obstacle,0,222.5,2.5
obstacle,1997.5,222.5,2.5
obstacle,0,225,2.5
obstacle,1997.5,225,2.5
obstacle,0,227.5,2.5
obstacle,1997.5,227.5,2.5
obstacle,0,230,2.5
obstacle,1997.5,230,2.5
obstacle,0,232.5,2.5
obstacle,1997.5,232.5,2.5
obstacle,0,235,2.5
obstacle,1997.5,235,2.5
obstacle,0,237.5,2.5
obstacle,1997.5,237.5,2.5
obstacle,0,240,2.5
obstacle,1997.5,240,2.5
obstacle,0,242.5,2.5
obstacle,1997.5,242.5,2.5
obstacle,0,245,2.5
obstacle,1997.5,245,2.5
obstacle,0,247.5,2.5
obstacle,1997.5,247.5,2.5
obstacle,0,250,2.5
obstacle,1997.5,250,2.5
obstacle,0,252.5,2.5
obstacle,1997.5,252.5,2.5
obstacle,0,255,2.5
obstacle,1997.5,255,2.5
obstacle,0,257.5,2.5
obstacle,1997.5,257.5,2.5
obstacle,0,260,2.5
obstacle,1997.5,260,2.5
obstacle,0,262.5,2.5
obstacle,1997.5,262.5,2.5
obstacle,0,265,2.5
obstacle,1997.5,265,2.5
obstacle,0,267.5,2.5
obstacle,1997.5,267.5,2.5
obstacle,0,270,2.5
obstacle,1997.5,270,2.5
obstacle,0,272.5,2.5
obstacle,1997.5,272.5,2.5
obstacle,0,275,2.5
obstacle,1997.5,275,2.5
obstacle,0,277.5,2.5
obstacle,1997.5,277.5,2.5
obstacle,0,280,2.5
obstacle,1997.5,280,2.5
obstacle,0,282.5,2.5
obstacle,1997.5,282.5,2.5
obstacle,0,285,2.5
obstacle,1997.5,285,2.5
obstacle,0,287.5,2.5
obstacle,1997.5,287.5,2.5
obstacle,0,290,2.5
obstacle,1997.5,290,2.5
obstacle,0,292.5,2.5
obstacle,1997.5,292.5,2.5
obstacle,0,295,2.5
obstacle,1997.5,295,2.5
obstacle,0,297.5,2.5
obstacle,1997.5,297.5,2.5
obstacle,0,300,2.5
obstacle,1997.5,300,2.5
obstacle,0,302.5,2.5
obstacle,1997.5,302.5,2.5
obstacle,0,305,2.5
obstacle,1997.5,305,2.5
obstacle,0,307.5,2.5
obstacle,1997.5,307.5,2.5
obstacle,0,310,2.5
obstacle,1997.5,310,2.5
obstacle,0,312.5,2.5
obstacle,1997.5,312.5,2.5
obstacle,0,315,2.5
obstacle,1997.5,315,2.5
obstacle,0,317.5,2.5
obstacle,1997.5,317.5,2.5
obstacle,0,320,2.5
obstacle,1997.5,320,2.5
obstacle,0,322.5,2.5
obstacle,1997.5,322.5,2.5
obstacle,0,325,2.5
obstacle,1997.5,325,2.5
obstacle,0,327.5,2.5
obstacle,1997.5,327.5,2.5
obstacle,0,330,2.5
obstacle,1997.5,330,2.5
obstacle,0,332.5,2.5
obstacle,1997.5,332.5,2.5
obstacle,0,335,2.5
obstacle,1997.5,335,2.5
obstacle,0,337.5,2.5
obstacle,1997.5,337.5,2.5
obstacle,0,340,2.5
obstacle,1997.5,340,2.5
obstacle,0,342.5,2.5
obstacle,1997.5,342.5,2.5
obstacle,0,345,2.5
obstacle,1997.5,345,2.5
obstacle,0,347.5,2.5
obstacle,1997.5,347.5,2.5
obstacle,0,350,2.5
obstacle,1997.5,350,2.5
obstacle,0,352.5,2.5
obstacle,1997.5,352.5,2.5
obstacle,0,355,2.5
obstacle,1997.5,355,2.5
obstacle,0,357.5,2.5
obstacle,1997.5,357.5,2.5
obstacle,0,360,2.5
obstacle,1997.5,360,2.5
obstacle,0,362.5,2.5
obstacle,1997.5,362.5,2.5
obstacle,0,365,2.5
obstacle,1997.5,365,2.5
obstacle,0,367.5,2.5
obstacle,1997.5,367.5,2.5
obstacle,0,370,2.5
obstacle,1997.5,370,2.5
obstacle,0,372.5,2.5
obstacle,1997.5,372.5,2.5
obstacle,0,375,2.5
obstacle,1997.5,375,2.5
obstacle,0,377.5,2.5
obstacle,1997.5,377.5,2.5
obstacle,0,380,2.5
obstacle,1997.5,380,2.5
obstacle,0,382.5,2.5
obstacle,1997.5,382.5,2.5
obstacle,0,385,2.5
obstacle,1997.5,385,2.5
obstacle,0,387.5,2.5
obstacle,1997.5,387.5,2.5
obstacle,0,390,2.5
obstacle,1997.5,390,2.5
obstacle,0,392.5,2.5
obstacle,1997.5,392.5,2.5
obstacle,0,395,2.5
obstacle,1997.5,395,2.5
obstacle,0,397.5,2.5
obstacle,1997.5,397.5,2.5
obstacle,0,400,2.5
obstacle,1997.5,400,2.5
obstacle,0,402.5,2.5
obstacle,1997.5,402.5,2.5
obstacle,0,405,2.5
obstacle,1997.5,405,2.5
obstacle,0,407.5,2.5
obstacle,1997.5,407.5,2.5
obstacle,0,410,2.5
obstacle,1997.5,410,2.5
obstacle,0,412.5,2.5
obstacle,1997.5,412.5,2.5
obstacle,0,415,2.5
obstacle,1997.5,415,2.5
obstacle,0,417.5,2.5
obstacle,1997.5,417.5,2.5
obstacle,0,420,2.5
obstacle,1997.5,420,2.5
obstacle,0,422.5,2.5
obstacle,1997.5,422.5,2.5
obstacle,0,425,2.5
obstacle,1997.5,425,2.5
obstacle,0,427.5,2.5
obstacle,1997.5,427.5,2.5
obstacle,0,430,2.5
obstacle,1997.5,430,2.5
obstacle,0,432.5,2.5
obstacle,1997.5,432.5,2.5
obstacle,0,435,2.5
obstacle,1997.5,435,2.5
obstacle,0,437.5,2.5
obstacle,1997.5,437.5,2.5
obstacle,0,440,2.5
obstacle,1997.5,440,2.5
obstacle,0,442.5,2.5
obstacle,1997.5,442.5,2.5
obstacle,0,445,2.5
obstacle,1997.5,445,2.5
obstacle,0,447.5,2.5
obstacle,1997.5,447.5,2.5
obstacle,0,450,2.5
obstacle,1997.5,450,2.5
obstacle,0,452.5,2.5
obstacle,1997.5,452.5,2.5
obstacle,0,455,2.5
obstacle,1997.5,455,2.5
obstacle,0,457.5,2.5
obstacle,1997.5,457.5,2.5
obstacle,0,460,2.5
obstacle,1997.5,460,2.5
obstacle,0,462.5,2.5
obstacle,1997.5,462.5,2.5
obstacle,0,465,2.5
obstacle,1997.5,465,2.5
obstacle,0,467.5,2.5
obstacle,1997.5,467.5,2.5
obstacle,0,470,2.5
obstacle,1997.5,470,2.5
obstacle,0,472.5,2.5
obstacle,1997.5,472.5,2.5
obstacle,0,475,2.5
obstacle,1997.5,475,2.5
obstacle,0,477.5,2.5
obstacle,1997.5,477.5,2.5
obstacle,0,480,2.5
obstacle,1997.5,480,2.5
obstacle,0,482.5,2.5
obstacle,1997.5,482.5,2.5
obstacle,0,485,2.5
obstacle,1997.5,485,2.5
obstacle,0,487.5,2.5
obstacle,1997.5,487.5,2.5
obstacle,0,490,2.5
obstacle,1997.5,490,2.5
obstacle,0,492.5,2.5
obstacle,1997.5,492.5,2.5
obstacle,0,495,2.5
obstacle,1997.5,495,2.5
obstacle,0,497.5,2.5
obstacle,1997.5,497.5,2.5
obstacle,0,500,2.5
obstacle,1997.5,500,2.5
obstacle,0,502.5,2.5
obstacle,1997.5,502.5,2.5
obstacle,0,505,2.5
obstacle,1997.5,505,2.5
obstacle,0,507.5,2.5
obstacle,1997.5,507.5,2.5
obstacle,0,510,2.5
obstacle,1997.5,510,2.5
obstacle,0,512.5,2.5
obstacle,1997.5,512.5,2.5
obstacle,0,515,2.5
obstacle,1997.5,515,2.5
obstacle,0,517.5,2.5
obstacle,1997.5,517.5,2.5
obstacle,0,520,2.5
obstacle,1997.5,520,2.5
obstacle,0,522.5,2.5
obstacle,1997.5,522.5,2.5
obstacle,0,525,2.5
obstacle,1997.5,525,2.5
obstacle,0,527.5,2.5
obstacle,1997.5,527.5,2.5
obstacle,0,530,2.5
obstacle,1997.5,530,2.5
obstacle,0,532.5,2.5
obstacle,1997.5,532.5,2.5
obstacle,0,535,2.5
obstacle,1997.5,535,2.5
obstacle,0,537.5,2.5
obstacle,1997.5,537.5,2.5
obstacle,0,540,2.5
obstacle,1997.5,540,2.5
obstacle,0,542.5,2.5
obstacle,1997.5,542.5,2.5
obstacle,0,545,2.5
obstacle,1997.5,545,2.5
obstacle,0,547.5,2.5
obstacle,1997.5,547.5,2.5
obstacle,0,550,2.5
obstacle,1997.5,550,2.5
obstacle,0,552.5,2.5
obstacle,1997.5,552.5,2.5
obstacle,0,555,2.5
obstacle,1997.5,555,2.5
obstacle,0,557.5,2.5
obstacle,1997.5,557.5,2.5
obstacle,0,560,2.5
obstacle,1997.5,560,2.5
obstacle,0,562.5,2.5
obstacle,1997.5,562.5,2.5
obstacle,0,565,2.5
obstacle,1997.5,565,2.5
obstacle,0,567.5,2.5
obstacle,1997.5,567.5,2.5
obstacle,0,570,2.5
obstacle,1997.5,570,2.5
obstacle,0,572.5,2.5
obstacle,1997.5,572.5,2.5
obstacle,0,575,2.5
obstacle,1997.5,575,2.5
obstacle,0,577.5,2.5
obstacle,1997.5,577.5,2.5
obstacle,0,580,2.5
obstacle,1997.5,580,2.5
obstacle,0,582.5,2.5
obstacle,1997.5,582.5,2.5
obstacle,0,585,2.5
obstacle,1997.5,585,2.5
obstacle,0,587.5,2.5
obstacle,1997.5,587.5,2.5
obstacle,0,590,2.5
obstacle,1997.5,590,2.5
obstacle,0,592.5,2.5
obstacle,1997.5,592.5,2.5
obstacle,0,595,2.5
obstacle,1997.5,595,2.5
obstacle,0,597.5,2.5
obstacle,1997.5,597.5,2.5
obstacle,0,600,2.5
obstacle,1997.5,600,2.5
obstacle,0,602.5,2.5
obstacle,1997.5,602.5,2.5
obstacle,0,605,2.5
obstacle,1997.5,605,2.5
obstacle,0,607.5,2.5
obstacle,1997.5,607.5,2.5
obstacle,0,610,2.5
obstacle,1997.5,610,2.5
obstacle,0,612.5,2.5
obstacle,1997.5,612.5,2.5
obstacle,0,615,2.5
obstacle,1997.5,615,2.5
obstacle,0,617.5,2.5
obstacle,1997.5,617.5,2.5
obstacle,0,620,2.5
obstacle,1997.5,620,2.5
obstacle,0,622.5,2.5
obstacle,1997.5,622.5,2.5
obstacle,0,625,2.5
obstacle,1997.5,625,2.5
obstacle,0,627.5,2.5
obstacle,1997.5,627.5,2.5
obstacle,0,630,2.5
obstacle,1997.5,630,2.5
obstacle,0,632.5,2.5
obstacle,1997.5,632.5,2.5
obstacle,0,635,2.5
obstacle,1997.5,635,2.5
obstacle,0,637.5,2.5
obstacle,1997.5,637.5,2.5
obstacle,0,640,2.5
obstacle,1997.5,640,2.5
obstacle,0,642.5,2.5
obstacle,1997.5,642.5,2.5
obstacle,0,645,2.5
obstacle,1997.5,645,2.5
obstacle,0,647.5,2.5
obstacle,1997.5,647.5,2.5
obstacle,0,650,2.5
obstacle,1997.5,650,2.5
obstacle,0,652.5,2.5
obstacle,1997.5,652.5,2.5
obstacle,0,655,2.5
obstacle,1997.5,655,2.5
obstacle,0,657.5,2.5
obstacle,1997.5,657.5,2.5
obstacle,0,660,2.5
obstacle,1997.5,660,2.5
obstacle,0,662.5,2.5
obstacle,1997.5,662.5,2.5
obstacle,0,665,2.5
obstacle,1997.5,665,2.5
obstacle,0,667.5,2.5
obstacle,1997.5,667.5,2.5
obstacle,0,670,2.5
obstacle,1997.5,670,2.5
obstacle,0,672.5,2.5
obstacle,1997.5,672.5,2.5
obstacle,0,675,2.5
obstacle,1997.5,675,2.5
obstacle,0,677.5,2.5
obstacle,1997.5,677.5,2.5
obstacle,0,680,2.5
obstacle,1997.5,680,2.5
obstacle,0,682.5,2.5
obstacle,1997.5,682.5,2.5
obstacle,0,685,2.5
obstacle,1997.5,685,2.5
obstacle,0,687.5,2.5
obstacle,1997.5,687.5,2.5
obstacle,0,690,2.5
obstacle,1997.5,690,2.5
obstacle,0,692.5,2.5
obstacle,1997.5,692.5,2.5
obstacle,0,695,2.5
obstacle,1997.5,695,2.5
obstacle,0,697.5,2.5
obstacle,1997.5,697.5,2.5
obstacle,0,700,2.5
obstacle,1997.5,700,2.5
obstacle,0,702.5,2.5
obstacle,1997.5,702.5,2.5
obstacle,0,705,2.5
obstacle,1997.5,705,2.5
obstacle,0,707.5,2.5
obstacle,1997.5,707.5,2.5
obstacle,0,710,2.5
obstacle,1997.5,710,2.5
obstacle,0,712.5,2.5
obstacle,1997.5,712.5,2.5
obstacle,0,715,2.5
obstacle,1997.5,715,2.5
obstacle,0,717.5,2.5
obstacle,1997.5,717.5,2.5
obstacle,0,720,2.5
obstacle,1997.5,720,2.5
obstacle,0,722.5,2.5
obstacle,1997.5,722.5,2.5
obstacle,0,725,2.5
obstacle,1997.5,725,2.5
obstacle,0,727.5,2.5
obstacle,1997.5,727.5,2.5
obstacle,0,730,2.5
obstacle,1997.5,730,2.5
obstacle,0,732.5,2.5
obstacle,1997.5,732.5,2.5
obstacle,0,735,2.5
obstacle,1997.5,735,2.5
obstacle,0,737.5,2.5
obstacle,1997.5,737.5,2.5
obstacle,0,740,2.5
obstacle,1997.5,740,2.5
obstacle,0,742.5,2.5
obstacle,1997.5,742.5,2.5
obstacle,0,745,2.5
obstacle,1997.5,745,2.5
obstacle,0,747.5,2.5
obstacle,1997.5,747.5,2.5
obstacle,0,750,2.5
obstacle,1997.5,750,2.5
obstacle,0,752.5,2.5
obstacle,1997.5,752.5,2.5
obstacle,0,755,2.5
obstacle,1997.5,755,2.5
obstacle,0,757.5,2.5
obstacle,1997.5,757.5,2.5
obstacle,0,760,2.5
obstacle,1997.5,760,2.5
obstacle,0,762.5,2.5
obstacle,1997.5,762.5,2.5
obstacle,0,765,2.5
obstacle,1997.5,765,2.5
obstacle,0,767.5,2.5
obstacle,1997.5,767.5,2.5
obstacle,0,770,2.5
obstacle,1997.5,770,2.5
obstacle,0,772.5,2.5
obstacle,1997.5,772.5,2.5
obstacle,0,775,2.5
obstacle,1997.5,775,2.5
obstacle,0,777.5,2.5
obstacle,1997.5,777.5,2.5
obstacle,0,780,2.5
obstacle,1997.5,780,2.5
obstacle,0,782.5,2.5
obstacle,1997.5,782.5,2.5
obstacle,0,785,2.5
obstacle,1997.5,785,2.5
obstacle,0,787.5,2.5
obstacle,1997.5,787.5,2.5
obstacle,0,790,2.5
obstacle,1997.5,790,2.5
obstacle,0,792.5,2.5
obstacle,1997.5,792.5,2.5
obstacle,0,795,2.5
obstacle,1997.5,795,2.5
obstacle,0,797.5,2.5
obstacle,1997.5,797.5,2.5
obstacle,0,800,2.5
obstacle,1997.5,800,2.5
obstacle,0,802.5,2.5
obstacle,1997.5,802.5,2.5
obstacle,0,805,2.5
obstacle,1997.5,805,2.5
obstacle,0,807.5,2.5
obstacle,1997.5,807.5,2.5
obstacle,0,810,2.5
obstacle,1997.5,810,2.5
obstacle,0,812.5,2.5
obstacle,1997.5,812.5,2.5
obstacle,0,815,2.5
obstacle,1997.5,815,2.5
obstacle,0,817.5,2.5
obstacle,1997.5,817.5,2.5
obstacle,0,820,2.5
obstacle,1997.5,820,2.5
obstacle,0,822.5,2.5
obstacle,1997.5,822.5,2.5
obstacle,0,825,2.5
obstacle,1997.5,825,2.5
obstacle,0,827.5,2.5
obstacle,1997.5,827.5,2.5
obstacle,0,830,2.5
obstacle,1997.5,830,2.5
obstacle,0,832.5,2.5
obstacle,1997.5,832.5,2.5
obstacle,0,835,2.5
obstacle,1997.5,835,2.5
obstacle,0,837.5,2.5
obstacle,1997.5,837.5,2.5
obstacle,0,840,2.5
obstacle,1997.5,840,2.5
obstacle,0,842.5,2.5
obstacle,1997.5,842.5,2.5
obstacle,0,845,2.5
obstacle,1997.5,845,2.5
obstacle,0,847.5,2.5
obstacle,1997.5,847.5,2.5
obstacle,0,850,2.5
obstacle,1997.5,850,2.5
obstacle,0,852.5,2.5
obstacle,1997.5,852.5,2.5
obstacle,0,855,2.5
obstacle,1997.5,855,2.5
obstacle,0,857.5,2.5
obstacle,1997.5,857.5,2.5
obstacle,0,860,2.5
obstacle,1997.5,860,2.5
obstacle,0,862.5,2.5
obstacle,1997.5,862.5,2.5
obstacle,0,865,2.5
obstacle,1997.5,865,2.5
obstacle,0,867.5,2.5
obstacle,1997.5,867.5,2.5
obstacle,0,870,2.5
obstacle,1997.5,870,2.5
obstacle,0,872.5,2.5
obstacle,1997.5,872.5,2.5
obstacle,0,875,2.5
obstacle,1997.5,875,2.5
obstacle,0,877.5,2.5
obstacle,1997.5,877.5,2.5
obstacle,0,880,2.5
obstacle,1997.5,880,2.5
obstacle,0,882.5,2.5
obstacle,1997.5,882.5,2.5
obstacle,0,885,2.5
obstacle,1997.5,885,2.5
obstacle,0,887.5,2.5
obstacle,1997.5,887.5,2.5
obstacle,0,890,2.5
obstacle,1997.5,890,2.5
obstacle,0,892.5,2.5
obstacle,1997.5,892.5,2.5
obstacle,0,895,2.5
obstacle,1997.5,895,2.5
obstacle,0,897.5,2.5
obstacle,1997.5,897.5,2.5
obstacle,0,900,2.5
obstacle,1997.5,900,2.5
obstacle,0,902.5,2.5
obstacle,1997.5,902.5,2.5
obstacle,0,905,2.5
obstacle,1997.5,905,2.5
obstacle,0,907.5,2.5
obstacle,1997.5,907.5,2.5
obstacle,0,910,2.5
obstacle,1997.5,910,2.5
obstacle,0,912.5,2.5
obstacle,1997.5,912.5,2.5
obstacle,0,915,2.5
obstacle,1997.5,915,2.5
obstacle,0,917.5,2.5
obstacle,1997.5,917.5,2.5
obstacle,0,920,2.5
obstacle,1997.5,920,2.5
obstacle,0,922.5,2.5
obstacle,1997.5,922.5,2.5
obstacle,0,925,2.5
obstacle,1997.5,925,2.5
obstacle,0,927.5,2.5
obstacle,1997.5,927.5,2.5
obstacle,0,930,2.5
obstacle,1997.5,930,2.5
obstacle,0,932.5,2.5
obstacle,1997.5,932.5,2.5
obstacle,0,935,2.5
obstacle,1997.5,935,2.5
obstacle,0,937.5,2.5
obstacle,1997.5,937.5,2.5
obstacle,0,940,2.5
obstacle,1997.5,940,2.5
obstacle,0,942.5,2.5
obstacle,1997.5,942.5,2.5
obstacle,0,945,2.5
obstacle,1997.5,945,2.5
obstacle,0,947.5,2.5
obstacle,1997.5,947.5,2.5
obstacle,0,950,2.5
obstacle,1997.5,950,2.5
obstacle,0,952.5,2.5
obstacle,1997.5,952.5,2.5
obstacle,0,955,2.5
obstacle,1997.5,955,2.5
obstacle,0,957.5,2.5
obstacle,1997.5,957.5,2.5
obstacle,0,960,2.5
obstacle,1997.5,960,2.5
obstacle,0,962.5,2.5
obstacle,1997.5,962.5,2.5
obstacle,0,965,2.5
obstacle,1997.5,965,2.5
obstacle,0,967.5,2.5
obstacle,1997.5,967.5,2.5
obstacle,0,970,2.5
obstacle,1997.5,970,2.5
obstacle,0,972.5,2.5
obstacle,1997.5,972.5,2.5
obstacle,0,975,2.5
obstacle,1997.5,975,2.5
obstacle,0,977.5,2.5
obstacle,1997.5,977.5,2.5
obstacle,0,980,2.5
obstacle,1997.5,980,2.5
obstacle,0,982.5,2.5
obstacle,1997.5,982.5,2.5
obstacle,0,985,2.5
obstacle,1997.5,985,2.5
obstacle,0,987.5,2.5
obstacle,1997.5,987.5,2.5
obstacle,0,990,2.5
obstacle,1997.5,990,2.5
obstacle,0,992.5,2.5
obstacle,1997.5,992.5,2.5
obstacle,0,995,2.5
obstacle,1997.5,995,2.5
obstacle,1237.5,10,25
obstacle,1237.5,7.5,25
obstacle,1240,5,25
obstacle,1240,2.5,25
obstacle,1242.5,0,25
obstacle,1242.5,-2.5,25
obstacle,1247.5,355,25
obstacle,1247.5,352.5,25
obstacle,1247.5,350,25
obstacle,1247.5,347.5,25
obstacle,1247.5,345,25
obstacle,1247.5,342.5,25
obstacle,1247.5,340,25
obstacle,1247.5,337.5,25
obstacle,1247.5,335,25
obstacle,1247.5,332.5,25
obstacle,1247.5,330,25
obstacle,1247.5,327.5,25
obstacle,1247.5,325,25
obstacle,1247.5,322.5,25
obstacle,1247.5,320,25
obstacle,1247.5,317.5,25
obstacle,1247.5,315,25
obstacle,1247.5,312.5,25
obstacle,1247.5,310,25
obstacle,1247.5,307.5,25
obstacle,1247.5,305,25
obstacle,1247.5,302.5,25
obstacle,1247.5,300,25
obstacle,1247.5,297.5,25
obstacle,1247.5,295,25
obstacle,1247.5,292.5,25
obstacle,1247.5,290,25
obstacle,1247.5,287.5,25
obstacle,1247.5,285,25
obstacle,1247.5,282.5,25
obstacle,1247.5,280,25
obstacle,1247.5,277.5,25
obstacle,1247.5,275,25
obstacle,1247.5,272.5,25
obstacle,1247.5,270,25
obstacle,1247.5,267.5,25
obstacle,1247.5,265,25
obstacle,1247.5,262.5,25
obstacle,1247.5,260,25
obstacle,1247.5,257.5,25
obstacle,1247.5,255,25
obstacle,1247.5,252.5,25
obstacle,1247.5,250,25
obstacle,1247.5,247.5,25
obstacle,1247.5,245,25
obstacle,1247.5,242.5,25
obstacle,1247.5,240,25
obstacle,1247.5,237.5,25
obstacle,1247.5,235,25
obstacle,1247.5,232.5,25
obstacle,1247.5,230,25
obstacle,1247.5,227.5,25
obstacle,1247.5,225,25
obstacle,1247.5,222.5,25
obstacle,1247.5,220,25
obstacle,1247.5,217.5,25
obstacle,1247.5,215,25
obstacle,1247.5,212.5,25
obstacle,1247.5,210,25
obstacle,1247.5,207.5,25
obstacle,1247.5,205,25
obstacle,1247.5,202.5,25
obstacle,1247.5,200,25
obstacle,1247.5,197.5,25
obstacle,1247.5,195,25
obstacle,1247.5,192.5,25
obstacle,1247.5,190,25
obstacle,1247.5,187.5,25
obstacle,1247.5,185,25
obstacle,1247.5,182.5,25
obstacle,1250,180,25
obstacle,1250,177.5,25
obstacle,1250,175,25
obstacle,1250,172.5,25
obstacle,1250,170,25
obstacle,1250,167.5,25
obstacle,1250,165,25
obstacle,1250,162.5,25
obstacle,1250,160,25
obstacle,1250,157.5,25
obstacle,1250,155,25
obstacle,1250,152.5,25
obstacle,1250,150,25
obstacle,1250,147.5,25
obstacle,1250,145,25
obstacle,1250,142.5,25
obstacle,1250,140,25
obstacle,1250,137.5,25
obstacle,1250,135,25
obstacle,1250,132.5,25
obstacle,1250,130,25
obstacle,1250,127.5,25
obstacle,1250,125,25
obstacle,1250,122.5,25
obstacle,1250,120,25
obstacle,1250,117.5,25
obstacle,1250,115,25
obstacle,1250,112.5,25
obstacle,1250,110,25
obstacle,1250,107.5,25
obstacle,1250,105,25
obstacle,1250,102.5,25
obstacle,1250,100,25
obstacle,1250,97.5,25
obstacle,1250,95,25
obstacle,1250,92.5,25
obstacle,1250,90,25
obstacle,1250,87.5,25
obstacle,1250,85,25
obstacle,1250,82.5,25
obstacle,1250,80,25
obstacle,1250,77.5,25
obstacle,1250,75,25
obstacle,1250,72.5,25
obstacle,1250,70,25
obstacle,1250,67.5,25
obstacle,1250,65,25
obstacle,1250,62.5,25
obstacle,1250,60,25
obstacle,1250,57.5,25
obstacle,1250,55,25
obstacle,1250,52.5,25
obstacle,1250,50,25
obstacle,1250,47.5,25
obstacle,1250,45,25
obstacle,1250,42.5,25
obstacle,1250,40,25
obstacle,1250,37.5,25
obstacle,1250,35,25
obstacle,1250,32.5,25
obstacle,1250,30,25
obstacle,1250,27.5,25
obstacle,1250,25,25
obstacle,1250,22.5,25
obstacle,1250,20,25
obstacle,1250,17.5,25
obstacle,1250,15,25
obstacle,1250,12.5,25
obstacle,1250,10,25
obstacle,1250,7.5,25
obstacle,1252.5,647.5,25
obstacle,1252.5,650,25
obstacle,1252.5,652.5,25
obstacle,1252.5,655,25
obstacle,1252.5,657.5,25
obstacle,1252.5,660,25
obstacle,1252.5,662.5,25
obstacle,1252.5,665,25
obstacle,1252.5,667.5,25
obstacle,1252.5,670,25
obstacle,1252.5,672.5,25
obstacle,1252.5,675,25
obstacle,1252.5,677.5,25
obstacle,1252.5,680,25
obstacle,1252.5,682.5,25
obstacle,1252.5,685,25
obstacle,1252.5,687.5,25
obstacle,1252.5,690,25
obstacle,1252.5,692.5,25
obstacle,1252.5,695,25
obstacle,1252.5,697.5,25
obstacle,1252.5,700,25
obstacle,1252.5,702.5,25
obstacle,1252.5,705,25
obstacle,1252.5,707.5,25
obstacle,1252.5,710,25
obstacle,1252.5,712.5,25
obstacle,1252.5,715,25
obstacle,1252.5,717.5,25
obstacle,1252.5,720,25
obstacle,1252.5,722.5,25
obstacle,1252.5,725,25
obstacle,1252.5,727.5,25
obstacle,1252.5,730,25
obstacle,1252.5,732.5,25
obstacle,1252.5,735,25
obstacle,1252.5,737.5,25
obstacle,1252.5,740,25
obstacle,1252.5,742.5,25
obstacle,1252.5,745,25
obstacle,1252.5,747.5,25
obstacle,1252.5,750,25
obstacle,1252.5,752.5,25
obstacle,1252.5,755,25
obstacle,1252.5,757.5,25
obstacle,1252.5,760,25
obstacle,1252.5,762.5,25
obstacle,1252.5,765,25
obstacle,1252.5,767.5,25
obstacle,1252.5,770,25
obstacle,1252.5,772.5,25
obstacle,1252.5,775,25
obstacle,1252.5,777.5,25
obstacle,1252.5,780,25
obstacle,1252.5,782.5,25
obstacle,1252.5,785,25
obstacle,1252.5,787.5,25
obstacle,1252.5,790,25
obstacle,1252.5,792.5,25
obstacle,1252.5,795,25
obstacle,1252.5,797.5,25
obstacle,1252.5,800,25
obstacle,1252.5,802.5,25
obstacle,1252.5,805,25
obstacle,1252.5,807.5,25
obstacle,1252.5,810,25
obstacle,1252.5,812.5,25
obstacle,1252.5,815,25
obstacle,1252.5,817.5,25
obstacle,1252.5,820,25
obstacle,1252.5,822.5,25
obstacle,1252.5,825,25
obstacle,1252.5,827.5,25
obstacle,1252.5,830,25
obstacle,1252.5,832.5,25
obstacle,1252.5,835,25
obstacle,1252.5,837.5,25
obstacle,1252.5,840,25
obstacle,1252.5,842.5,25
obstacle,1252.5,845,25
obstacle,1252.5,847.5,25
obstacle,1252.5,850,25
obstacle,1252.5,852.5,25
obstacle,1252.5,855,25
obstacle,1252.5,857.5,25
obstacle,1252.5,860,25
obstacle,1252.5,862.5,25
obstacle,1252.5,865,25
obstacle,1252.5,867.5,25
obstacle,1252.5,870,25
obstacle,1252.5,872.5,25
obstacle,1252.5,875,25
obstacle,1252.5,877.5,25
obstacle,1252.5,880,25
obstacle,1252.5,882.5,25
obstacle,1252.5,885,25
obstacle,1252.5,887.5,25
obstacle,1252.5,890,25
obstacle,1252.5,892.5,25
obstacle,1252.5,895,25
obstacle,1252.5,897.5,25
obstacle,1252.5,900,25
obstacle,1252.5,902.5,25
obstacle,1252.5,905,25
obstacle,1252.5,907.5,25
obstacle,1252.5,910,25
obstacle,1252.5,912.5,25
obstacle,1252.5,915,25
obstacle,1252.5,917.5,25
obstacle,1252.5,920,25
obstacle,1252.5,922.5,25
obstacle,1252.5,925,25
obstacle,1252.5,927.5,25
obstacle,1252.5,930,25
obstacle,1252.5,932.5,25
obstacle,1252.5,935,25
obstacle,1252.5,937.5,25
obstacle,1252.5,940,25
obstacle,1252.5,942.5,25
obstacle,1252.5,945,25
obstacle,1252.5,947.5,25
obstacle,1252.5,950,25
obstacle,1252.5,952.5,25
obstacle,1252.5,955,25
obstacle,1252.5,957.5,25
obstacle,1252.5,960,25
obstacle,1252.5,962.5,25
obstacle,1252.5,965,25
obstacle,1252.5,967.5,25
obstacle,1252.5,970,25
obstacle,1252.5,972.5,25
obstacle,1252.5,975,25
obstacle,1252.5,977.5,25
obstacle,1252.5,980,25
obstacle,1252.5,982.5,25